id;nome;descricao;enviado;created;updated
1;B2B;Outdoors Checking Account;true;2020-07-07T04:53:34;2020-07-06T23:04:37
2;application;navigate;false;2020-07-07T03:28:49;2020-07-07T13:50:59
3;Bedfordshire;Soft;false;2020-07-07T21:17:45;2020-07-07T01:23:50
4;ADP Avon PNG;Jewelery Rustic executive;true;2020-07-07T18:08:17;2020-07-06T23:40:56
5;Avon;methodologies Electronics;true;2020-07-07T15:30:21;2020-07-07T15:46:49
6;Music radical;HDD Handcrafted;true;2020-07-07T16:06:32;2020-07-07T18:05:36
7;Dynamic Savings Account;tertiary New Jersey;false;2020-07-07T08:58:17;2020-07-07T13:31:58
8;Berkshire Health Practical;Producer;true;2020-07-07T18:19:33;2020-07-07T20:40:56
9;Avon wireless;architect solution-oriented;false;2020-07-07T03:04:49;2020-07-07T05:35:30
10;Right-sized Dynamic Som;Uganda Armenia Sleek Steel Computer;true;2020-07-07T12:37:19;2020-07-07T14:57:32
