id;nome;descricao;local;img_condicao_tempo;condicao_tempo;observacao;grupo_ordem;ondas;temperatura_de;temperatura_ate;ventovelocidademediakmh;ventos_observacao;vento_rajada;tempestade_observacao;chuva_observacao;created;updated
1;benchmark Configuration SMTP;info-mediaries Somoni Checking Account;reintermediate Central users;15746;methodologies grid-enabled Home Loan Account;Field;42061;CFP Franc value-added reciprocal;19153;6452;51195;Borders Paradigm New Israeli Sheqel;false;architect;virtual withdrawal Aruba;2020-07-07T11:50:14;2020-07-07T21:09:00
2;alliance transmit Metal;Extension;payment Sierra Leone grey;17294;Front-line yellow Assurance;compressing incremental Connecticut;39569;Louisiana Money Market Account EXE;65476;74302;30987;Soft;true;Chair RSS South Carolina;synthesizing;2020-07-07T04:20:48;2020-07-07T20:28:56
3;Markets Applications Generic;Fiji Dollar;invoice;84985;auxiliary Developer;bypassing Grass-roots;24839;invoice;86500;12840;50261;Accounts Chair;false;Tactics Global Senior;bandwidth;2020-07-07T16:19:35;2020-07-07T22:14:51
4;copy;capacitor Pennsylvania Steel;Arkansas;93593;connect;bandwidth;71191;non-volatile;57580;85871;47108;Refined Concrete Tuna neural interface;true;New Hampshire modular;Analyst compressing Facilitator;2020-07-07T18:53:42;2020-07-07T02:20:55
5;Manager Research holistic;Incredible;Iowa Fresh;3227;Cotton calculate;Personal Loan Account Computer;87621;index sexy;62708;40497;35116;Savings Account;false;Investment Account;deposit;2020-07-07T01:08:57;2020-07-07T19:40:09
6;Metical hub Brazil;International Auto Loan Account Handcrafted Wooden Fish;microchip;42023;Ergonomic;mobile;68241;payment;15213;6177;68362;primary;false;attitude-oriented National Bedfordshire;invoice Electronics;2020-07-07T14:28:42;2020-07-07T03:56:56
7;connect;wireless eyeballs feed;Thailand engineer;10908;Supervisor solution-oriented;Response SMS;12629;Intelligent Wooden Sausages Computers optical;37730;11359;60306;Concrete Implementation;true;ubiquitous;Distributed;2020-07-07T11:56:59;2020-07-07T19:05:03
8;Computer Kids alliance;reboot;AGP encompassing Rubber;48150;e-commerce;invoice yellow;87344;Total orchestrate;95455;14070;33853;payment systemic;true;Handmade Frozen Table Rubber Berkshire;olive Metal;2020-07-07T08:54:28;2020-07-07T06:31:15
9;Garden;AGP Cliff Grocery;Belize;49994;JBOD Algeria;yellow;46658;transition Codes specifically reserved for testing purposes;76996;17244;85366;Hawaii Dynamic system;true;Fantastic Metal Pizza mobile;Bedfordshire;2020-07-07T17:11:08;2020-07-07T10:01:27
10;Representative North Dakota Ecuador;New Mexico Portugal Creative;alarm port;73022;Handcrafted Cotton Chair;SDD Computer deposit;39899;Buckinghamshire ability;69981;24158;87682;payment De-engineered;true;Supervisor Brand;action-items;2020-07-07T06:16:03;2020-07-07T07:11:33
