id;nome;descricao;data;texto;qtd_email;imagem;arquivo_eml;assunto;sub_assunto;created;updated
1;back-end Synergized mesh;Group;2020-07-07;payment Auto Loan Account methodical;12981;Personal Loan Account Libyan Dinar Credit Card Account;Steel;Specialist migration;Green Soft;2020-07-07T06:18:12;2020-07-07T14:23:12
2;Guyana;Future Silver;2020-07-07;withdrawal;33424;cross-platform Rand;frictionless;Outdoors;methodical Metal ivory;2020-07-07T23:31:02;2020-07-07T12:38:17
3;California Plastic;Chief Internal;2020-07-07;tan;55010;fuchsia;Avon;Group Mayotte;monitoring;2020-07-07T05:07:04;2020-07-07T17:46:05
4;Wells tangible;New Mexico;2020-07-07;primary Dominican Republic;89304;indigo Arkansas connect;back up technologies Brook;Money Market Account Lead vortals;vortals Health Metical;2020-07-08T01:08:04;2020-07-07T15:18:44
5;Flats connecting;Bahrain;2020-07-07;Rustic Wooden Salad Sharable Operations;27382;Books Cocos (Keeling) Islands markets;transmitting clicks-and-mortar;input Analyst;Function-based;2020-07-07T22:05:11;2020-07-07T15:25:20
6;Principal Generic;Lead transparent bypass;2020-07-07;North Carolina National payment;73590;Refined Granite Towels withdrawal Metrics;indigo moratorium navigate;Chicken COM;Underpass New Zealand Dollar;2020-07-07T08:25:21;2020-07-07T18:32:50
7;Total Planner Assistant;systemic Towels;2020-07-07;Marketing;61994;Chilean Peso Unidades de fomento International;National;RAM Cambridgeshire Table;strategic;2020-07-07T16:50:34;2020-07-07T17:21:56
8;framework wireless Rwanda;maximized;2020-07-07;payment Gorgeous Branding;24925;Concrete Fantastic Plastic Chair;Ergonomic Metal Soap Buckinghamshire Gorgeous Rubber Shoes;enhance Branch Savings Account;moratorium Home Loan Account;2020-07-08T00:04:13;2020-07-07T17:30:39
9;Industrial;Outdoors Georgia;2020-07-08;copying;80986;Fresh;Associate;Wooden impactful Chair;synergy Home Loan Account;2020-07-07T12:15:57;2020-07-07T05:24:11
10;Car;cross-platform;2020-07-07;Buckinghamshire invoice;9073;primary aggregate Representative;Comoros Berkshire copying;Synergized zero defect platforms;website;2020-07-07T22:51:55;2020-07-07T09:08:55
