id;nome;descricao;created;updated;contato_id;alvo_id
1;Agent invoice Credit Card Account;Global Tasty Steel Soap parse;2020-06-30T02:44:47;2020-06-29T18:15:43;1;1
2;moderator;Avon;2020-06-29T06:31:31;2020-06-29T22:32:27;2;2
3;override firewall;capacitor;2020-06-29T08:11:15;2020-06-29T18:49:24;3;3
4;Directives 24/365 Buckinghamshire;Oklahoma Moldova Assistant;2020-06-29T21:53:25;2020-06-29T06:03:07;4;4
5;circuit;Refined Granite Bacon Sleek Plastic Car;2020-06-29T03:33:41;2020-06-29T11:46:18;5;5
6;overriding Springs;withdrawal Mount Assistant;2020-06-30T01:25:57;2020-06-29T22:03:05;6;6
7;system Solutions Industrial;Checking Account Mandatory;2020-06-29T04:13:35;2020-06-30T01:31:17;7;7
8;maroon Gorgeous;Bedfordshire deposit;2020-06-29T11:36:07;2020-06-29T11:43:21;8;8
9;Cameroon Nigeria online;Credit Card Account Berkshire;2020-06-29T07:51:06;2020-06-29T03:30:58;9;9
10;backing up;open architecture;2020-06-29T13:37:59;2020-06-29T12:44:28;10;10
