id;nome;descricao;created;updated;contato_id;plano_recurso_id
1;panel Netherlands full-range;Rubber;2020-06-30T01:24:09;2020-06-29T03:23:11;1;1
2;web services capacitor web-enabled;scalable Fresh;2020-06-29T13:11:57;2020-06-29T15:37:01;2;2
3;reboot system;Refined;2020-06-29T21:18:23;2020-06-29T14:23:31;3;3
4;Persevering;Home Loan Account Tasty Soft Shirt Facilitator;2020-06-29T13:24:12;2020-06-29T07:57:23;4;4
5;Facilitator blue Checking Account;transmit;2020-06-29T16:41:40;2020-06-29T20:41:18;5;5
6;revolutionary indexing Small Concrete Mouse;Synchronised magenta Grocery;2020-06-29T16:38:07;2020-06-29T17:43:23;6;6
7;Latvia;panel;2020-06-30T03:13:11;2020-06-29T15:57:07;7;7
8;wireless;Small global;2020-06-29T13:20:29;2020-06-29T14:30:30;8;8
9;redefine circuit;Way wireless Sports;2020-06-29T22:42:11;2020-06-29T11:33:25;9;9
10;expedite function;monitor Personal Loan Account;2020-06-30T00:58:06;2020-06-29T17:53:58;10;10
