id;nome;descricao;email;titulo;nome_reduzido;logo;apelido;observacao;created;updated
1;EXE input disintermediate;Electronics Mississippi;Erich.Rowe47@yahoo.com;Internal override generate;zero defect;deposit Australian Dollar;Coordinator;Metrics PNG;2020-07-07T20:15:55;2020-07-07T21:37:30
2;bifurcated Branding deposit;Kiribati Internal;Courtney.Schmitt@gmail.com;Architect;auxiliary withdrawal digital;New York Producer;JBOD collaborative Euro;Specialist;2020-07-07T04:21:39;2020-07-07T11:03:01
3;Licensed Concrete Fish Assistant;back-end navigate Metal;Kaia.Kozey49@gmail.com;Metal;Iranian Rial New Mexico monitor;real-time Montana;Andorra plug-and-play markets;Kina Profound;2020-07-07T17:37:21;2020-07-07T08:08:21
4;North Carolina portals Tasty;Forward;Elvis45@hotmail.com;Future;bandwidth Gardens;Arizona;Borders Borders;reboot;2020-07-07T15:28:27;2020-07-07T00:51:48
5;Minnesota index interface;Burg Avon;Al31@hotmail.com;Avon Azerbaijanian Manat;Plastic HDD;Grocery Montenegro North Korean Won;Soft Vanuatu Jewelery;channels;2020-07-07T02:24:13;2020-07-07T17:21:15
6;synergistic West Virginia;Fantastic Plastic Pizza Concrete Phased;Ayla_Johnston55@gmail.com;Representative withdrawal Lead;1080p program;XSS;Central;Accounts Cambridgeshire open architecture;2020-07-07T19:25:43;2020-07-07T15:35:24
7;Profit-focused Lek;Plaza;Betty8@yahoo.com;synthesize synthesize Automotive;Kids driver;Arizona;New Jersey Architect;Optional;2020-07-07T16:10:26;2020-07-07T14:04:42
8;haptic Home Loan Account invoice;navigating Montana;Dorcas_Hagenes41@gmail.com;Trail;withdrawal Rustic Handmade Frozen Gloves;Specialist Administrator Chips;cross-platform;Division Uganda framework;2020-07-06T23:02:20;2020-07-06T23:45:16
9;Operations Clothing Walks;AGP payment;Sabrina.Schumm@gmail.com;multi-state Chief;International Future;SSL Maine;generate;quantifying THX Outdoors;2020-07-07T19:00:51;2020-07-07T19:45:19
10;Money Market Account Berkshire Pennsylvania;Burundi Franc Lead Cheese;Winona.Dicki@gmail.com;synergize Practical;synthesizing payment 1080p;monitor Digitized;Streamlined circuit Sleek;Monitored;2020-07-07T09:13:38;2020-07-07T19:28:25
