id;messagem;created;updated
1;Optional Clothing;2020-07-07T22:31:47;2020-07-07T22:29:28
2;Integration;2020-07-07T05:16:26;2020-07-07T15:41:05
3;facilitate Security web services;2020-07-07T12:51:41;2020-07-07T11:46:18
4;Practical;2020-07-07T18:25:33;2020-07-07T17:10:54
5;Soap AI payment;2020-07-07T22:33:26;2020-07-07T18:53:28
6;Re-engineered payment;2020-07-07T11:20:45;2020-07-08T00:43:09
7;open-source Kroon;2020-07-07T08:22:39;2020-07-07T20:11:04
8;deposit generate cross-platform;2020-07-07T19:48:50;2020-07-07T06:28:45
9;Spring Gorgeous Fresh Mouse;2020-07-07T10:04:42;2020-07-07T10:47:33
10;e-tailers cross-platform;2020-07-07T16:22:10;2020-07-07T08:37:07
