id;name;descricao;arquivo;folder;tipoarquivo;created;updated
1;pricing structure Malaysian Ringgit;indigo Towels;Berkshire;compress Multi-channelled connecting;Movies transform Ridges;2020-07-08T00:50:43;2020-07-07T13:20:23
2;teal synthesize;Identity;infrastructures Strategist;Total Investment Account Bedfordshire;PCI;2020-07-07T17:28:00;2020-07-07T22:18:00
3;Towels withdrawal Auto Loan Account;Computers well-modulated;Quetzal;Sleek Concrete Pants Shoes e-commerce;Sausages policy Movies;2020-07-08T01:12:20;2020-07-08T02:46:14
4;Taka parse Auto Loan Account;haptic open architecture Bahamas;Incredible compelling Global;Bedfordshire;PCI Keyboard;2020-07-07T23:32:37;2020-07-07T07:09:41
5;Idaho;interactive Drives client-driven;Gorgeous Checking Account Sports;Guinea-Bissau Wyoming;Bulgarian Lev generating Row;2020-07-07T06:32:31;2020-07-07T20:12:18
6;system;payment navigating;RSS payment cross-media;Sleek Soft Computer ivory;Graphical User Interface Executive;2020-07-07T14:37:21;2020-07-07T22:02:17
7;Rhode Island;directional Savings Account Mobility;Bedfordshire;structure Bedfordshire capacitor;Creek Soft;2020-07-07T15:24:38;2020-07-07T12:44:47
8;Guyana Dollar;Belarus Awesome Granite Mouse Texas;Practical;Pizza Dynamic Outdoors;harness benchmark;2020-07-08T00:39:40;2020-07-07T10:17:41
9;Buckinghamshire;Home Loan Account;Computers Tasty Plastic Chair;Solomon Islands Dollar Plastic withdrawal;Indiana real-time card;2020-07-07T18:13:03;2020-07-07T11:21:10
10;Handmade multi-byte;Handcrafted Cotton Bacon;green back-end lime;drive;Orchestrator Czech Koruna;2020-07-07T09:46:17;2020-07-07T11:23:25
