id;name;descricao;created;updated
1;Ohio Concrete local area network;Facilitator capacitor Wooden;2020-06-29T04:31:26;2020-06-30T00:42:29
2;index hacking Customer;Practical;2020-06-29T09:36:43;2020-06-29T04:19:02
3;sensor channels directional;lime Licensed Metal Car Avon;2020-06-30T01:15:06;2020-06-29T16:09:15
4;systems;metrics Synchronised;2020-06-30T01:06:06;2020-06-29T20:19:43
5;forecast Investment Account;deploy;2020-06-30T02:54:50;2020-06-29T09:57:47
6;optimal magenta Berkshire;back up;2020-06-29T18:33:06;2020-06-29T04:26:26
7;moderator Graphic Interface invoice;online;2020-06-29T15:29:40;2020-06-29T20:31:32
8;bluetooth;SMTP success sensor;2020-06-29T18:35:52;2020-06-29T12:17:59
9;Investment Account azure;RAM Plain multimedia;2020-06-29T14:15:21;2020-06-29T12:46:45
10;Sports pixel Rustic Cotton Salad;Knoll Grocery;2020-06-29T10:28:36;2020-06-29T08:32:03
