id;name;descricao;titulo;texto;imagem;created;updated
1;recontextualize;recontextualize stable;tan Plastic heuristic;Forward;Arkansas parsing;2020-06-29T15:20:37;2020-06-29T22:11:10
2;Shoes Distributed;Concrete;functionalities;Fantastic Architect capability;e-business;2020-06-29T11:44:39;2020-06-29T07:18:31
3;THX;Dynamic;bluetooth visionary;Auto Loan Account Guam;bypassing Handmade Rubber Sausages;2020-06-30T03:53:20;2020-06-29T23:36:02
4;initiatives;Rustic;input Optimization navigate;panel;Kroon IB;2020-06-30T03:03:33;2020-06-29T10:53:41
5;Officer Frozen;SMTP;payment sky blue Sausages;homogeneous invoice;Ramp neural;2020-06-30T00:13:14;2020-06-30T02:34:55
6;purple matrix Group;hub;optical value-added orange;mobile programming virtual;Refined attitude-oriented;2020-06-29T15:59:03;2020-06-30T02:46:06
7;Intranet;24/7 communities;incremental Borders;Realigned Health stable;Pound Sterling scalable;2020-06-30T02:57:13;2020-06-29T06:09:48
8;Chicken HTTP;District Reactive Regional;non-volatile teal info-mediaries;bluetooth;EXE;2020-06-29T11:32:17;2020-06-29T07:24:03
9;Singapore green grow;Table Nuevo Sol;back-end hard drive Missouri;Baby;time-frame Pa'anga;2020-06-29T23:59:26;2020-06-29T11:54:10
10;Concrete North Dakota backing up;Home Loan Account;time-frame Ireland Idaho;Checking Account Refined Plastic Computer;Gorgeous Table navigating;2020-06-29T09:13:05;2020-06-29T13:11:07
